{"schemaVersion":"1.0","appDefinitionTemplate":{"id":"/providers/Microsoft.PowerApps/apps/","type":"Microsoft.PowerApps/apps","tags":{"primaryDeviceWidth":"640","primaryDeviceHeight":"1136","sienaVersion":"20200910T220944Z-3.20084.8.0","deviceCapabilities":"","supportsPortrait":"true","supportsLandscape":"false","primaryFormFactor":"Phone","publisherVersion":"3.20064.23","minimumRequiredApiVersion":"2.2.0","hasComponent":"true","hasUnlockedComponent":"true","isUnifiedRootApp":"false"},"properties":{"appVersion":"2020-09-10T22:09:44Z","lifeCycleId":"Published","createdByClientVersion":{"major":3,"minor":20064,"build":23,"revision":0,"majorRevision":0,"minorRevision":0},"minClientVersion":{"major":3,"minor":20064,"build":23,"revision":0,"majorRevision":0,"minorRevision":0},"backgroundColor":"rgba(142, 140, 216, 1)","backgroundImageUri":"/15250078283419138764/N539b6f58-c234-4a5a-9573-d4bf8b2f8bf6-N8561f604-e822-48b6-873f-66b8b984a2db-logoSmallFile","displayName":"Desk Booking","description":"","commitMessage":"","appUris":{"documentUri":{"value":"/15250078283419138764/Nb012de54-f245-4cb4-977c-a9d26e8614c5-N6bcd8da4-2647-4d22-9a86-1ad28ce37551-document.msapp","readonlyValue":"/15250078283419138764/Nb012de54-f245-4cb4-977c-a9d26e8614c5-N6bcd8da4-2647-4d22-9a86-1ad28ce37551-document.msapp"},"imageUris":[]},"createdTime":"0001-01-01T00:00:00Z","lastModifiedTime":"0001-01-01T00:00:00Z","sharedGroupsCount":0,"sharedUsersCount":0,"icons":{"smallIconUri":"/15250078283419138764/Naa3a0559-aa79-4bcf-8d33-0a193d7f4f8a-Nc109a875-44fe-452e-9b2c-f3f1455a9830-small.png","mediumIconUri":"/15250078283419138764/Nd1d067f7-b996-4a5e-a50a-f7ccf5c50487-N6389b368-fa47-4535-bc3f-2a7c58acd72d-medium.png","largeIconUri":"/15250078283419138764/N505e37aa-e2e2-4cfd-b441-e5b551524a62-N51b5fda4-9e06-4450-a5c3-be7e5e4be86d-large.png","wideIconUri":"/15250078283419138764/Na5be2845-7b45-4ddf-a460-253b30a1ab13-N5b86408d-187a-46d1-9d6b-265503909f1a-wide.png"},"connectionReferences":{"123a155e-f1fd-425b-a90f-d76b754d2a96":{"id":"0d3ae84c-e1ff-44c6-a3e4-2b2f9149c438","displayName":"SharePoint","iconUri":"https://connectoricons-prod.azureedge.net/releases/v1.0.1389/1.0.1389.2117/sharepointonline/icon.png","dataSources":["Desk Reservations","Desks"],"dependencies":[],"dependents":[],"parameterHints":{},"isOnPremiseConnection":false,"bypassConsent":false,"dataSets":{"https://axecapitalcorp.sharepoint.com/sites/CrisisInformation":{"dataSources":{"Desk Reservations":{"tableName":"218ee9d0-e055-40d8-a88d-db2f51e3c948"},"Desks":{"tableName":"ff2dd3fd-ef06-4fa4-a030-466f3ae1d83a"}}}},"apiTier":"Standard","isCustomApiConnection":false},"64852b16-4509-4d34-be4c-adfa1f496b3a":{"id":"df8d0efe-1985-4589-b8aa-64836def453c","displayName":"Office 365 Users","iconUri":"https://connectoricons-prod.azureedge.net/releases/v1.0.1385/1.0.1385.2110/office365users/icon.png","dataSources":["Office365Users"],"dependencies":[],"dependents":[],"parameterHints":{},"isOnPremiseConnection":false,"bypassConsent":false,"dataSets":{},"apiTier":"Standard","isCustomApiConnection":false}},"databaseReferences":{},"almMode":"Environment","performanceOptimizationEnabled":true,"canConsumeAppPass":true},"isAppComponentLibrary":false,"appType":"ClassicCanvasApp","appComponents":[]}}